"Annotator","Item ID","Content","Annotation","Timestamp"
"federico","1755856065076l4xzjs087oc","Is 'global' associated with the frame 'People_by_jurisdiction'?","Incorrect","24/08/2025, 14:03:06"
"federico","1755856065076xqvlm2hycp","Is 'warning' associated with the frame 'Omen'?","Incorrect","24/08/2025, 14:03:19"
"federico","1755856065076pajsu793rt","Is 'remarkable' associated with the frame 'Measurable_attributes - An Entity has a particular scalar Attribute with a value exceeding a contextually-specified or generally-understood standard'?","Incorrect","24/08/2025, 14:03:52"
"federico","1755856065076qhomhr0l7w","Is 'ignition' associated with the frame 'Process_start'?","Correct","24/08/2025, 14:04:01"
"federico","1755856065076pj08ou9n7el","Is 'Barrier' associated with the frame 'Limitation - An Entity that would be expected to have a characteristic to a certain degree (typically based on comparison to other entities of the same type) instead has a more limited degree of that characteristic'?","Correct","24/08/2025, 14:04:09"
"federico","1755856065076njfd2hg5t49","Is 'move' associated with the frame 'Gradable_proximity'?","Incorrect","24/08/2025, 14:04:18"
"federico","17558560650766adr9v1iazf","Is 'Series' associated with the frame 'Product_line - A specified Designer or a Brand creates and distributes a Collection of related Products'?","Correct","24/08/2025, 14:04:23"
"federico","1755856065076twb1pjvk1ed","Is 'partial' associated with the frame 'Recovery'?","Incorrect","24/08/2025, 14:04:33"
"federico","1755856065076qm4xu8j0vrf","Is 'Rack' associated with the frame 'Placing - Generally without overall (translational) motion,  an Agent places a Theme at a location, the Goal, which is profiled'?","Incorrect","24/08/2025, 14:05:38"
"federico","17558560650766c7qms9mc35","Is 'term' associated with the frame 'Appellations - This frame is only for words that are used as the Titles of individuals'?","Incorrect","24/08/2025, 14:05:51"
"federico","17558560650760cq0gl1itxvp","Is 'scale' associated with the frame 'Measure_scenario - An Entity has a particular Value for an Attribute which may be described in several different ways, including: '' Degree of deviation from the Value expected for the kind of Entity seen in a particular instance, or in comparison to some other explicit comparison set'?","Correct","24/08/2025, 14:06:03"
"federico","1755856065076kmz9qv9v1u","Is 'shared' associated with the frame 'Be_in_agreement_on_action - Two (or more) people (the Parties, also encodable as Party_1 and Party_2) have an agreement'?","Correct","24/08/2025, 14:06:05"
"federico","175585606507659xxnxrzudc","Is 'land' associated with the frame 'Cause_to_land - An Operator maneuvers onto land a Vehicle which typically does not operate on land, e'?","Correct","24/08/2025, 14:06:15"
"federico","17558560650768wwpk69ptrp","Is 'guide' associated with the frame 'Education_teaching'?","Correct","24/08/2025, 14:06:18"
"federico","1755856065076zz00l1g0hw","Is 'Meal' associated with the frame 'Cooking_creation'?","Correct","24/08/2025, 14:06:21"
"federico","1755856065076cj9ammfzhyo","Is 'territory' associated with the frame 'Bounded_region - An Exterior, Surface, Boundary, and Interior are picked out relative to the Ground'?","Correct","24/08/2025, 14:06:22"
"federico","17558560650763nwd2hmm64w","Is 'gadget' associated with the frame 'Render_nonfunctional - An Agent affects an Artifact so that it is no longer capable of performing its inherent function'?","Incorrect","24/08/2025, 14:23:08"
"federico","1755856065076tqnv6a4vvr","Is 'Interpret' associated with the frame 'Reasoning'?","Correct","24/08/2025, 14:23:11"
"federico","17558560650764pqg9oi1npp","Is 'simple' associated with the frame 'Arithmetic'?","Incorrect","24/08/2025, 14:23:19"
"federico","17558560650760puj1bhczcs9","Is 'commodities' associated with the frame 'Exporting'?","Correct","24/08/2025, 14:23:23"
"federico","175585606507631chflvxbwh","Is 'Decisive' associated with the frame 'Authority'?","Correct","24/08/2025, 14:23:41"
"federico","1755856065076u4bclw0kn4","Is 'Idea' associated with the frame 'Cotheme'?","Incorrect","24/08/2025, 14:23:59"
"federico","1755856065076rga1wf09e2i","Is 'synthesize' associated with the frame 'Manufacturing'?","Correct","24/08/2025, 14:24:05"
"federico","17558560650769622av26loe","Is 'Alien' associated with the frame 'Attempt_distant_interaction_scenario'?","Incorrect","24/08/2025, 14:30:19"
"federico","1755856065076z7bxq6dj5s","Is 'Civil' associated with the frame 'Law_enforcement_agency'?","Incorrect","24/08/2025, 14:30:52"
"federico","1755856065076j0j8n5j7fsh","Is 'stealthy' associated with the frame 'Manipulation'?","Correct","24/08/2025, 14:31:07"
"federico","1755856065076ggzfd9vyks5","Is 'scramble' associated with the frame 'Lively_place - A Location is characterized by a high amount of (often goal-oriented) Activity, or metonymically, with Individuals who are engaged in the activity'?","Correct","24/08/2025, 14:31:46"
"federico","175585606507643w3aytuujl","Is 'Extraordinary' associated with the frame 'Extreme_value - An Entity possesses a Value for a certain Attribute which is extreme when compared to the values either of other entities or to values of the same Entity at other points of time'?","Correct","24/08/2025, 14:31:49"
"federico","1755856065076udpcvinykce","Is 'mechanical' associated with the frame 'Processing_materials - An Agent alters some Material in some useful way by means of some chemical or physical Alterant'?","Correct","24/08/2025, 14:32:00"
"federico","1755856065076nnemwt44f1d","Is 'explode' associated with the frame 'Catching_fire - A Fuel, some flammable object or substance, ends up on fire'?","Incorrect","24/08/2025, 14:32:18"
"federico","1755856065076p0qlsrvwjpg","Is 'Sly' associated with the frame 'Manipulate_into_doing'?","Correct","24/08/2025, 14:32:22"
"federico","17558560650768imom7q4g6t","Is 'incoherence' associated with the frame 'Communication_noise - This frame contains words for types of noise which can be used to characterize verbal communication'?","Correct","24/08/2025, 14:32:37"
"federico","17558560650768j55bte4rzk","Is 'walled' associated with the frame 'Bounded_region'?","Correct","24/08/2025, 14:33:22"
"federico","1755856065076z63tx0ytke","Is 'mysterious' associated with the frame 'Gizmo'?","Incorrect","24/08/2025, 14:33:45"
"federico","1755856065076ya89kgrbxq","Is 'describe' associated with the frame 'Requirement_scenario'?","Incorrect","24/08/2025, 14:34:24"
"federico","1755856065076zn6uawvuse","Is 'Evaluator' associated with the frame 'Judgment_communication - A Communicator communicates a judgment of an Evaluee to an Addressee'?","Correct","24/08/2025, 14:34:38"
"federico","1755856065076pwby3uthrhd","Is 'utter' associated with the frame 'Reading_aloud'?","Correct","24/08/2025, 14:34:51"
"federico","17558560650764guncnmwrlz","Is 'definite' associated with the frame 'Communicate_categorization - A Speaker communicates a message stating an Item's membership in a Category, i'?","Correct","24/08/2025, 14:34:55"
"federico","1755856065076owx711zijhm","Is 'reliable' associated with the frame 'Network'?","Incorrect","24/08/2025, 14:34:57"
"federico","17558560650760xty9zdzpcx","Is 'skilled' associated with the frame 'Medical_professionals'?","Incorrect","24/08/2025, 14:35:08"
"federico","1755856065076hdnzfxixp3","Is 'toxic' associated with the frame 'Ammunition - A piece of Ammunition is a disposable artifact to be fired as a projectile in a weapon with the purpose of causing harm or damage'?","Incorrect","24/08/2025, 14:35:27"
"federico","1755856065076kh3ics91sz","Is 'rights' associated with the frame 'Fairness_evaluation - In this frame an Action is evaluated with respect to how fairly, justly or equitably the Action affects the Affected_party'?","Correct","24/08/2025, 14:35:36"
"federico","1755856065076rle6ljp47l","Is 'Convenient' associated with the frame 'Lodging_scenario - A Host provides a Residence for a Lodger to temporarily stay'?","Correct","24/08/2025, 14:35:43"
"federico","1755856065076ss1x2wvqzc","Is 'deadly' associated with the frame 'Execution - An Executioner punishes an individual (Executed) with death as a consequence of some action of the Evaluee (the Reason)'?","Correct","24/08/2025, 14:35:45"
"federico","1755856065076f10cse1of8","Is 'reassure' associated with the frame 'Reassuring'?","Correct","24/08/2025, 14:35:48"
"federico","1755856065076cuxmnq671u5","Is 'Roof' associated with the frame 'Buildings'?","Correct","24/08/2025, 14:35:50"
"federico","1755856065076u9bjqyylyaj","Is 'Tolerant' associated with the frame 'Pardon - An Authority excuses an Offense that an Offender has committed, with the effect of ending or preventing any punishment'?","Correct","24/08/2025, 14:35:52"
"federico","1755856065076cw05arfmhht","Is 'Pacifying' associated with the frame 'Reassuring'?","Correct","24/08/2025, 14:35:54"
"federico","17558560650768g65d6gi6na","Is 'detain' associated with the frame 'Retaining'?","Correct","24/08/2025, 14:36:03"
"federico","17558560650764m91c720oks","Is 'dehumidified' associated with the frame 'Cause_to_be_dry - An Agent causes a Dryee (either a surface or an entire entity, inside and out) to become dry'?","Correct","24/08/2025, 14:36:20"
"federico","175585606507654l0u6qqn88","Is 'frustration' associated with the frame 'Emotion_active'?","Correct","24/08/2025, 14:36:22"
"federico","1755856065076n5krru8swh","Is 'Singer' associated with the frame 'Performers - This frame contains words for Individuals as viewed in terms of their participation in artistic performances'?","Correct","24/08/2025, 14:36:24"
"federico","1755856065076n32f4pspxy9","Is 'muse' associated with the frame 'Cogitation'?","Correct","24/08/2025, 14:36:26"
"federico","1755856065076hhnt9d4kxxi","Is 'lust' associated with the frame 'Biological_urge'?","Correct","24/08/2025, 14:36:30"
"federico","17558560650769oygiud0wx","Is 'specific' associated with the frame 'Locating - A Perceiver determines the Location of a Sought_entity within a Ground'?","Correct","24/08/2025, 14:36:33"
"federico","1755856065076zle6xw6cmp","Is 'divisible' associated with the frame 'Capital_stock - This frame concerns Stock, a purchasable and sellable asset representing a Shareholder's share in a company (the Issuer)'?","Incorrect","24/08/2025, 14:36:42"
"federico","1755856065076kctt7ll5erf","Is 'Combine' associated with the frame 'Connecting_architecture'?","Correct","24/08/2025, 14:36:44"
"federico","1755856065076zu60ihw7e2e","Is 'Agency' associated with the frame 'Government_institution - The Institution is an organization which is part of a government, the Purpose of which is to provide a service or fulfill a role designated by the government'?","Correct","24/08/2025, 14:36:50"
"federico","1755856065076cle5lgyalzb","Is 'win' associated with the frame 'Accomplishment'?","Correct","24/08/2025, 14:38:12"
"federico","1755856065076frkogknjaqt","Is 'concentrate' associated with the frame 'Emphasizing - An Agent who is engaged in an Undertaking accords a Degree of importance to a Consideration that influences the success of an Undertaking'?","Incorrect","24/08/2025, 14:38:42"
"federico","1755856065076wo792ea969p","Is 'indistinguishable' associated with the frame 'Differentiation - Words in this frame have to do with a Cognizer being aware (or not being aware) of the difference between two Phenomena, which may be expressed jointly or disjointly'?","Correct","24/08/2025, 14:38:45"
"federico","1755856065076m0oe3iix1ze","Is 'project' associated with the frame 'Estimating'?","Incorrect","24/08/2025, 14:38:50"
"federico","1755856065076v3p8ypmaolm","Is 'congregation' associated with the frame 'Gathering_up - This frame describes an Agent's gathering of Individuals (people or entities) into a group, the  Aggregate, defined by relative proximity'?","Correct","24/08/2025, 14:38:51"
"federico","1755856065076c4bdx34wrge","Is 'inhabit' associated with the frame 'Locale_by_collocation - A Profiled_region is identified as being the region where an Entity is located'?","Correct","24/08/2025, 14:39:05"
"federico","1755856065076u7irmpqor0o","Is 'decrease' associated with the frame 'Change_of_temperature'?","Correct","24/08/2025, 14:39:08"
"federico","1755856065076ywbmy6n9ylt","Is 'Quiz' associated with the frame 'Assessing'?","Correct","24/08/2025, 14:39:10"
"federico","1755856065076gukcuhnml6","Is 'receive' associated with the frame 'Getting - A Recipient starts off without the Theme in their possession, and then comes to possess it'?","Correct","24/08/2025, 14:39:34"
"federico","1755856065076rk3av66vs8m","Is 'Scale' associated with the frame 'Ranked_expectation'?","Correct","24/08/2025, 14:39:52"
"federico","17558560650766mizxcjfzoh","Is 'swerve' associated with the frame 'Losing_track_of_theme - This frames describes a Perceiver who fails to keep sight of a Theme'?","Incorrect","24/08/2025, 14:40:35"
"federico","1755856065076x0zfa3z5q9","Is 'place' associated with the frame 'Relational_location - This is a general frame that identifies a Profiled_region whose configuration is specified by an image schema (specified in more specific child frames) and located relative to a Ground'?","Correct","24/08/2025, 14:41:20"
"federico","1755856065076b8rwcvt9q8a","Is 'holding' associated with the frame 'Reserving'?","Correct","24/08/2025, 14:41:22"
"federico","1755856065076z733iclw89n","Is 'Rigorous' associated with the frame 'Degree_of_processing'?","Incorrect","24/08/2025, 14:41:27"
"federico","17558560650763py32sp8dtj","Is 'Revised' associated with the frame 'Change_post-state'?","Correct","24/08/2025, 14:41:28"
"federico","17558560650760c1xo080lv1r","Is 'praise' associated with the frame 'People_by_morality'?","Incorrect","24/08/2025, 14:41:46"
"federico","1755856065076hv8t8m94po5","Is 'sublime' associated with the frame 'Cause_change_of_phase - A Cause or Agent causes a Patient to undergo a change of phase'?","Correct","24/08/2025, 14:41:52"
"federico","1755856065076al0n4acie4c","Is 'susceptibility' associated with the frame 'Being_at_risk - An Asset is in a state where it is exposed to or otherwise liable to be affected by a Harmful_event, which may be metonymically evoked by reference to a Dangerous_entity'?","Correct","24/08/2025, 14:42:14"
"federico","1755856065076vgc5i355s7n","Is 'address' associated with the frame 'Referring_by_name'?","Correct","24/08/2025, 14:42:16"
"federico","175585606507679z21txlfad","Is 'Poison' associated with the frame 'Cause_harm'?","Correct","24/08/2025, 14:42:17"
"federico","1755856065076257mqhluoj7","Is 'venerable' associated with the frame 'Age - An Entity has existed for a length of time, the Age'?","Correct","24/08/2025, 14:42:19"
"federico","1755856065076g31nchtb7sh","Is 'Concept' associated with the frame 'Coming_up_with'?","Correct","24/08/2025, 14:42:42"
"federico","1755856065076o06mk78y0nd","Is 'Relationship' associated with the frame 'Forming_relationships - Partner_1 interacts with Partner_2 (also collectively expressible as Partners) to change their social relationship'?","Correct","24/08/2025, 14:42:49"
"federico","1755856065076wid2pwcn439","Is 'Gong' associated with the frame 'Noise_makers - The Noise_maker is an artifact used to produce sound, especially for musical effect'?","Correct","24/08/2025, 14:42:52"
"federico","17558560650761fde918hmh1","Is 'lookout' associated with the frame 'Pre_receiving'?","Incorrect","24/08/2025, 14:43:14"
"federico","1755856065076fu11gbf22un","Is 'Nurturing' associated with the frame 'Being_pregnant'?","Correct","24/08/2025, 14:43:27"
"federico","1755856065076m19kb71umol","Is 'Threshold' associated with the frame 'Proportion - Criteria exist that identify a particular Subset of a Group of things into members and non-members'?","Correct","24/08/2025, 14:43:29"
"federico","1755856065076apdm9fw0dm8","Is 'cab' associated with the frame 'Ride_vehicle'?","Correct","24/08/2025, 14:43:39"
"federico","1755856065076je314jkv3go","Is 'Reconciliation' associated with the frame 'Atonement'?","Correct","24/08/2025, 14:43:56"
"federico","1755856065076wkysv0mn27","Is 'lesion' associated with the frame 'Body_mark - In this frame a Body_mark is present on a Possessor's body'?","Correct","24/08/2025, 14:44:03"
"federico","1755856065076njw2pvncuxq","Is 'airforce' associated with the frame 'Military - Some Possessor, either a nation, institution, or private individual, controls a Force whose primary functions to defend the Possessor (or, in the case of an institution or individual, some area of land significant to them) and to carry out offensive actions for the Possessor'?","Correct","24/08/2025, 14:44:05"
"federico","175585606507687a2cgksknl","Is 'Trademark' associated with the frame 'Distinctiveness - A Feature of an Entity serves to distinguish the Entity from other members of its type which have a different value for the Feature'?","Correct","24/08/2025, 14:44:06"
"federico","1755856065076f4rjtmi57lt","Is 'Light' associated with the frame 'Cause_to_wake - An Agent or Cause causes a Sleeper to transition from the Sleep_state to wakeful consciousness'?","Correct","24/08/2025, 14:44:26"
"federico","1755856065076t25hsuhcjl","Is 'Legacy' associated with the frame 'Impression - This frame describes the Impression which a Figure, which can be a person, an organization, or an object, leaves with an Audience'?","Correct","24/08/2025, 14:44:47"
"federico","1755856065076a4s5tpvo1qq","Is 'casual' associated with the frame 'Chatting'?","Correct","24/08/2025, 14:44:50"
"federico","1755856065076uv8gg686kg","Is 'putrid' associated with the frame 'Cause_to_rot - An Patient, which is an organic substance, undergoes the natural process of decay due to a Cause (or Agent)'?","Correct","24/08/2025, 14:44:53"
"federico","1755856065076rb0897o1hki","Is 'Trophy' associated with the frame 'Finish_competition - A Competition comes to an end, with a Competitor tying, winning, or losing against an Opponent (or opponents) according to their Score'?","Correct","24/08/2025, 14:44:55"
"federico","1755856065076scvrrz30op","Is 'worker' associated with the frame 'Employee_scenario'?","Correct","24/08/2025, 14:44:57"
"federico","175585606507642gj1v0sm75","Is 'reside' associated with the frame 'Locative_relation - A Figure is located relative to a Ground location'?","Correct","24/08/2025, 14:45:18"
"federico","1755856065076g7ut722kj3","Is 'hamper' associated with the frame 'Hindering'?","Correct","24/08/2025, 14:45:48"
"federico","1755856065076mlhixitkm8n","Is 'Feet' associated with the frame 'Body_description_part - This frame is concerned with words that describe a person based on a salient part of their body'?","Correct","24/08/2025, 14:45:50"
"federico","1755856065076vhp8fn7qqz","Is 'compulsory' associated with the frame 'Detaining'?","Incorrect","24/08/2025, 14:46:09"
"federico","1755856065076tyslmcsuns","Is 'inspection' associated with the frame 'Patrolling - An individual or group, the Patrol moves through and examines a Ground in order to ensure that it is in a generally Desired_state_of_affairs, particularly that it is safe and contains no dangerous Unwanted_entity'?","Correct","24/08/2025, 14:46:12"
"federico","1755856065076bmc8dpywv9f","Is 'enclose' associated with the frame 'Containing - In this frame a Container holds within its physical boundaries the Contents'?","Correct","24/08/2025, 14:46:14"
"federico","1755856065076nel4ofz6fq","Is 'Star' associated with the frame 'Fame - An Entity is well-known among a wide range of people (in general or in a particular domain) for a particular Reason, which may be a behavior, characteristic, or some other associated item'?","Correct","24/08/2025, 14:46:17"
"federico","1755856065076mow36orm5te","Is 'wound' associated with the frame 'Cause_harm'?","Correct","24/08/2025, 14:46:21"
"federico","17558560650768wodi3ib42d","Is 'Number' associated with the frame 'Arithmetic'?","Correct","24/08/2025, 14:46:23"
"federico","1755856065076281xnndhaux","Is 'demonstrate' associated with the frame 'Cause_to_perceive - An Agent, Actor, Entity, or Medium causes a Phenomenon to be perceived by a Perceiver'?","Correct","24/08/2025, 14:46:29"
"federico","1755856065076wasid626dq","Is 'evocative' associated with the frame 'Cause_emotion'?","Correct","24/08/2025, 14:46:31"
"federico","1755856065076lix0j2ac04b","Is 'Revelation' associated with the frame 'Just_found_out - An Experiencer, Expressor, or State can be described as having a surprised emotion as evoked by a Stimulus or concerning a Topic'?","Correct","24/08/2025, 14:46:33"
"federico","17558560650763ptcmy433c6","Is 'blaze' associated with the frame 'Fire_burning'?","Correct","24/08/2025, 14:46:40"
"federico","1755856065076g7111bukrkt","Is 'drone' associated with the frame 'Downing - An Agent disables a flying or floating Patient, causing it to be unable to support itself in its current medium'?","Correct","24/08/2025, 14:46:44"
"federico","17558560650765j4u39gdekj","Is 'Integrated' associated with the frame 'Becoming_attached - An Item comes to be attached to a Goal, with a Connector forming a bond between the Handle of the Item and the Goal (or some part of it)'?","Incorrect","24/08/2025, 14:47:04"
"federico","1755856065076pwip3hamkq","Is 'guest' associated with the frame 'Performers_and_roles - A Performer has a certain Role in a Performance and plays their part by following the directions in the Script for that particular Role'?","Correct","24/08/2025, 14:47:08"
"federico","1755856065076hxqr005cpxp","Is 'figure' associated with the frame 'Image_schema'?","Correct","24/08/2025, 14:47:10"
"federico","1755856065076qw8bxzcqx0f","Is 'Commitment' associated with the frame 'Obligation_scenario'?","Correct","24/08/2025, 14:47:12"
"federico","1755856065076rtn4yz34nki","Is 'fiery' associated with the frame 'Fire_burning'?","Correct","24/08/2025, 14:47:13"
"federico","17558560650769le7facfez7","Is 'contribution' associated with the frame 'Bringing'?","Incorrect","24/08/2025, 14:49:01"
"federico","1755856065076pg17r3n96ck","Is 'Iconic' associated with the frame 'Contact_image_schema'?","Incorrect","24/08/2025, 14:49:21"
"federico","17558560650762zu5yt33f77","Is 'resistance' associated with the frame 'Political_actions - A less-powerful person or group of people (the Activists) engages in an activity aimed to inconvenience or weaken a more powerful person or group (the Institution) to seek redress, in the form of a series of Demands, for the wrondgoings committed by the Instituion'?","Correct","24/08/2025, 14:49:23"
"federico","1755856065076b9wwyj47poe","Is 'demotion' associated with the frame 'Cause_change_of_position_on_a_scale - This frame consists of words that indicate that an Agent or a Cause affects the position of an Item on some scale (the Attribute) to change it from an initial value (Value_1) to an end value (Value_2)'?","Correct","24/08/2025, 14:49:30"
"federico","1755856065076xecm4ohfdcf","Is 'convey' associated with the frame 'Convoy'?","Incorrect","24/08/2025, 14:50:29"
"federico","1755856065076pu4ds6z7e0q","Is 'battlement' associated with the frame 'Besieging - An Assailant, a group of armed forces, surrounds the Victim, a military location and the people within it, in an attempt to cut the Victim off from the outside, with the goal of either forcing their surrender or weakening them so that an invasion would be successful'?","Incorrect","24/08/2025, 14:50:37"
"federico","1755856065076vxbmks8azba","Is 'Perspective' associated with the frame 'Coming_to_believe - A person (the Cognizer) comes to believe something (the Content), sometimes after a process of reasoning'?","Correct","24/08/2025, 14:50:40"
"federico","1755856065076j0cv7qnhdtr","Is 'Immigrant' associated with the frame 'People_by_jurisdiction'?","Correct","24/08/2025, 14:50:48"
"federico","1755856065076qr5vvnxfq7i","Is 'recognition' associated with the frame 'Coming_to_believe'?","Correct","24/08/2025, 14:50:51"
"federico","1755856065076dlle6le905w","Is 'Bullet' associated with the frame 'Dodging'?","Correct","24/08/2025, 14:50:54"
"federico","1755856065076n5i95ubq76k","Is 'Child' associated with the frame 'Birth_scenario - An Offspring is born to a Mother and Father, collectively referred to as Parents'?","Correct","24/08/2025, 14:50:56"
"federico","1755856065076v2jjprbgvk","Is 'action' associated with the frame 'Execute_plan'?","Correct","24/08/2025, 14:50:58"
"federico","17558560650768nqdvjhdql3","Is 'choose' associated with the frame 'Intentionally_act - This is an abstract frame for acts performed by sentient beings'?","Correct","24/08/2025, 14:51:00"
"federico","1755856065076sfoewjj0ppq","Is 'Partnership-based' associated with the frame 'Alliance - After having worked separately for some time, two or more organizational or individual Members are now organized in an Alliance so that they may better pursue some common Purposes'?","Correct","24/08/2025, 14:51:08"
"federico","1755856065076c688p8dhysu","Is 'turn off' associated with the frame 'Change_operational_state - A Device or machine is put in (or out of) service either by a volitional Agent or by a Cause event or force acting on the Device'?","Correct","24/08/2025, 14:51:16"
"federico","1755856065076wvvr4a4z68d","Is 'confidence' associated with the frame 'Certainty - This frame concerns a Cognizer's certainty about the correctness of beliefs  or expectations'?","Correct","24/08/2025, 14:51:18"
"federico","1755856065076z0bp519bsr","Is 'Persist' associated with the frame 'Being_in_effect'?","Correct","24/08/2025, 14:55:13"
"federico","1755856065076z1obqy4hub","Is 'Verdict' associated with the frame 'Court_examination - A Questioner asks a Witness (or defendant) questions in the context of a court procedure'?","Correct","24/08/2025, 14:55:27"
"federico","1755856065076kisk577gzn","Is 'run' associated with the frame 'Meet_with'?","Correct","24/08/2025, 14:55:39"
"federico","1755856065076461nr0dksxh","Is 'update' associated with the frame 'Entity'?","Incorrect","24/08/2025, 14:56:00"
"federico","1755856065076nby0ibaa3mg","Is 'Certified' associated with the frame 'Documents - Words in the frame refer to any Document that has a legal status or conventional social significance'?","Correct","24/08/2025, 14:56:03"
"federico","1755856065076nvxq8ud9r5b","Is 'Desirable' associated with the frame 'Opportunity - An Agent has a choice of whether or not to participate in some Desirable_event because of an Opportunity, a situation not completely under the Agent's control and usually of a limited duration'?","Correct","24/08/2025, 14:56:06"
"federico","1755856065076pi6npchh3c","Is 'allusion' associated with the frame 'Evoking - Some Stimulus causes a Cognizer to think of a prior Phenomenon due to its perceived similarity'?","Correct","24/08/2025, 14:56:08"
"federico","1755856065076spvihdf8sbn","Is 'pigment' associated with the frame 'Color - A Color serves as a landmark in color-space, either a point-like landmark (e'?","Correct","24/08/2025, 14:56:10"
"federico","1755856065076akewz70sdud","Is 'Crisis' associated with the frame 'Risky_situation'?","Correct","24/08/2025, 14:56:12"
"federico","1755856065076taujfhme68","Is 'phony' associated with the frame 'Front_for'?","Correct","24/08/2025, 14:56:22"
"federico","1755856065076xqkwbajphm","Is 'Indicator' associated with the frame 'Measure_scenario'?","Correct","24/08/2025, 14:56:24"
"federico","1755856065076up135wujif8","Is 'insist' associated with the frame 'Claim_ownership - A Claimant asserts his or her right to possession of a piece of Property (either real, such as land, or private)'?","Correct","24/08/2025, 14:56:35"
"federico","1755856065076afqvejc94yb","Is 'Evaluation' associated with the frame 'Judgment_communication'?","Correct","24/08/2025, 14:56:37"
"federico","1755856065076z8exj49cnhf","Is 'outer' associated with the frame 'Part_orientational - In this frame, there is a Part of a Whole in which the Part is defined with respect to the canonical or inherent orientation of the Whole'?","Correct","24/08/2025, 14:56:41"
"federico","17558560650760thr3o0bmcug","Is 'perilous' associated with the frame 'Being_at_risk'?","Correct","24/08/2025, 14:56:44"
"federico","1755856065076sxppx02vn5o","Is 'Simplicity' associated with the frame 'Candidness'?","Correct","24/08/2025, 14:56:46"
"federico","1755856065076qmor6g5wli","Is 'practical' associated with the frame 'Knot_creation - An Agent creates a Knot (possibly in a Place and/or with an Instrument)'?","Incorrect","24/08/2025, 14:56:57"
"federico","1755856065076vu9tg7g2da","Is 'Investigation' associated with the frame 'Detaining'?","Correct","24/08/2025, 14:56:59"
"federico","1755856065076y9vh0c5blu","Is 'Financial' associated with the frame 'Commerce_collect'?","Correct","24/08/2025, 14:57:06"
"federico","17558560650764m97vbrihc5","Is 'inducing' associated with the frame 'Cause_to_experience'?","Correct","24/08/2025, 14:57:08"
"federico","1755856065076amcw3zcfw3c","Is 'Hostile' associated with the frame 'Invading'?","Correct","24/08/2025, 14:57:09"
"federico","1755856065076wv4ucun5v3","Is 'Crucial' associated with the frame 'Required_event'?","Correct","24/08/2025, 14:57:16"
"federico","1755856065076n28lkid487","Is 'Carton' associated with the frame 'Container_focused_removing'?","Correct","24/08/2025, 14:57:26"
"federico","1755856065076rtf3ju5zxw","Is 'leave' associated with the frame 'Escaping'?","Correct","24/08/2025, 14:57:31"
"federico","175585606507678zfxnk44vk","Is 'Door' associated with the frame 'Locale_closure - A building or location that can be sealed to prevent entrance, the Locale, ceases to be open for use'?","Correct","24/08/2025, 14:57:34"
"federico","17558560650766akg9boq5p3","Is 'delivery' associated with the frame 'Bringing - This frame concerns the movement of a Theme and an Agent and/or Carrier'?","Correct","24/08/2025, 14:57:36"
"federico","17558560650767bok6s8q6o3","Is 'Convincing' associated with the frame 'Influencing_potential'?","Correct","24/08/2025, 14:57:39"
"federico","1755856065076o9z24f9x7v","Is 'fleeing' associated with the frame 'Evading - An Evader moves under its own power to thereby avoid Capture  or contact with a Pursuer, also generally moving under its own power'?","Correct","24/08/2025, 14:57:44"
"federico","1755856065076ooejx6hdzol","Is 'stream' associated with the frame 'Mass_motion'?","Correct","24/08/2025, 14:58:40"
"federico","1755856065076yqfkr6msiva","Is 'foolhardy' associated with the frame 'Rashness - A Protagonist performs some Action without fully considering the circumstances under which he or she acts, or the possibly (negative) consequences of the Action'?","Correct","24/08/2025, 14:58:50"
"federico","1755856065076ozpy3s7tcmp","Is 'underscore' associated with the frame 'Convey_importance - Through a  Message, a Speaker (sometimes encoded metonymically by a Medium) communicates the relative importance of the state of affairs denoted by the Message'?","Correct","24/08/2025, 14:58:53"
"federico","1755856065076wxnc3jqtxx","Is 'promise' associated with the frame 'Having_commercial_agreement - Party_1 and Party_2 (collectively refered to as Parties) make a commercial agreement, an Obligation, which both Parties are expected to keep or fulfill'?","Correct","24/08/2025, 14:58:56"
"federico","17558560650760j1ilu80zcrm","Is 'declaration' associated with the frame 'Judgment_communication'?","Correct","24/08/2025, 14:58:59"
"federico","1755856065076z5l4tt5w0c","Is 'center' associated with the frame 'Alignment_image_schema'?","Correct","24/08/2025, 14:59:01"
"federico","17558560650762ixog7jvk6b","Is 'violence' associated with the frame 'Attack - An Assailant physically attacks a Victim (which is usually but not always sentient), causing or intending to cause the Victim physical damage'?","Correct","24/08/2025, 14:59:04"
"federico","1755856065076e64i41gogtn","Is 'Cutting' associated with the frame 'Cause_to_be_sharp'?","Correct","24/08/2025, 14:59:07"
"federico","1755856065076podopqpwjd","Is 'Modified' associated with the frame 'Custom'?","Correct","24/08/2025, 14:59:10"
"federico","1755856065076kivwmafacfb","Is 'appliance' associated with the frame 'Render_nonfunctional - An Agent affects an Artifact so that it is no longer capable of performing its inherent function'?","Correct","24/08/2025, 14:59:23"
"federico","17558560650768qhnjzoxuz9","Is 'spot' associated with the frame 'Locale_by_event'?","Correct","24/08/2025, 15:01:00"
"federico","1755856065076j3nxt6opjws","Is 'strong' associated with the frame 'Give_impression - In this class of perception words, a Phenomenon, typically expressed as External Argument, and its perceptual characteristics are given some description'?","Correct","24/08/2025, 15:01:27"
"federico","175585606507606my13epxt0o","Is 'Impersonator' associated with the frame 'Performers_and_roles'?","Correct","24/08/2025, 15:01:36"
"federico","1755856065076bm2n18evhjg","Is 'Pattern' associated with the frame 'Continued_state_of_affairs - A State_of_affairs has held and continues to hold up to the Reference_occasion'?","Correct","24/08/2025, 15:01:44"
"federico","17558560650767sqm234nzt","Is 'make' associated with the frame 'Facial_expression - The words in this frame refer to facial Expressions and the Possessors of those Expressions'?","Correct","24/08/2025, 15:01:48"
"federico","17558560650760kiwfxvzd0nb","Is 'demarcation' associated with the frame 'Differentiation - Words in this frame have to do with a Cognizer being aware (or not being aware) of the difference between two Phenomena, which may be expressed jointly or disjointly'?","Correct","24/08/2025, 15:01:49"
"federico","1755856065076bzjt6tpqz1s","Is 'Faith' associated with the frame 'Reliance_on_expectation'?","Correct","24/08/2025, 15:01:53"
"federico","1755856065076it6ke764z9e","Is 'article' associated with the frame 'Medium - Words in this frame describe a relationship in which an Item is expressed through a Text'?","Correct","24/08/2025, 15:02:00"
"federico","1755856065076bx5gu1s4266","Is 'Astute' associated with the frame 'Punctual_perception'?","Incorrect","24/08/2025, 15:02:12"
"federico","1755856065076hvr8ko2m75g","Is 'smash' associated with the frame 'Cause_impact - An Agent causes an Impactor to make sudden, forcible contact with an Impactee, or manipulates two (or more) Impactors so that they make mutual forcible contact'?","Correct","24/08/2025, 15:02:14"
"federico","1755856065076imy35qducgm","Is 'Committee' associated with the frame 'Exclude_member'?","Correct","24/08/2025, 15:02:28"
"federico","1755856065076wgskag3y49n","Is 'poison' associated with the frame 'Active_substance - A Substance causes an Effect'?","Correct","24/08/2025, 15:02:30"
"federico","17558560650767nxwyfm6hhv","Is 'Opinion' associated with the frame 'Judgment_communication'?","Correct","24/08/2025, 15:02:32"
"federico","1755856065076lqptnawgq5","Is 'Enlightened' associated with the frame 'Grasp - A Cognizer possesses knowledge about the workings, significance, or meaning of an idea or object, which we call Phenomenon, and is able to make predictions about the behavior or  occurrence of the Phenomenon'?","Correct","24/08/2025, 15:02:35"
"federico","1755856065076dvmmqhet8a6","Is 'Utilitarian' associated with the frame 'Locale_by_use - Geography as defined by its use'?","Incorrect","24/08/2025, 15:02:43"
"federico","1755856065076eroc3ytg58n","Is 'Uncertain' associated with the frame 'Conditional_occurrence - A Consequence is presented as occurring if the Profiled_possibility occurs'?","Correct","24/08/2025, 15:02:47"
"federico","1755856065076yk63r0sh9kl","Is 'reactivating' associated with the frame 'Cause_to_resume - An Agent acts so as to cause some process to begin again after an interruption or suspension'?","Correct","24/08/2025, 15:02:48"
"federico","175585606507612yocsgnzdt","Is 'Alignment' associated with the frame 'Part_orientational'?","Correct","24/08/2025, 15:02:52"
"federico","1755856065076ia6rhgn5uc","Is 'Insulate' associated with the frame 'Protecting'?","Correct","24/08/2025, 15:02:55"
"federico","1755856065076h09p2ryr1ho","Is 'unarmed' associated with the frame 'Noncombatant - This frame contains words that denote people who are not participating in a military Conflict'?","Correct","24/08/2025, 15:03:16"
"federico","17558560650762q2qvsu6lco","Is 'bracket' associated with the frame 'Being_attached - An Item is attached by a Handle, via a Connector, to a Goal, or Items are attached to each other'?","Correct","24/08/2025, 15:03:55"
"federico","17558560650761ztwx0onfoi","Is 'Constraint' associated with the frame 'Hindering'?","Correct","24/08/2025, 15:03:58"
"federico","1755856065076ddy265wc2l8","Is 'manipulate' associated with the frame 'Control - A Controlling_entity, Controlling_situation, or Controlling_variable control a Dependent_entity, Dependent_situation, or Dependent_variable'?","Correct","24/08/2025, 15:04:00"
"federico","1755856065076ygadvq3h8bc","Is 'Vibrant' associated with the frame 'Performers'?","Correct","24/08/2025, 15:04:03"
"federico","175585606507625v6g0ptf09","Is 'brief' associated with the frame 'Eclipse'?","Incorrect","24/08/2025, 15:04:14"
"federico","1755856065076s64u02sw4u","Is 'Crisis' associated with the frame 'Contingency'?","Correct","24/08/2025, 15:04:21"
"federico","1755856065076lvl10q0go3f","Is 'Expectation' associated with the frame 'Emotions_by_possibility'?","Correct","24/08/2025, 15:04:24"
"federico","1755856065076mhquraeks4","Is 'Ranking' associated with the frame 'Finish_competition - A Competition comes to an end, with a Competitor tying, winning, or losing against an Opponent (or opponents) according to their Score'?","Correct","24/08/2025, 15:04:29"
"federico","175585606507638wv2merxrw","Is 'defensive' associated with the frame 'Operate_vehicle'?","Incorrect","24/08/2025, 15:04:37"
"federico","17558560650764d5zdpjsjhk","Is 'heed' associated with the frame 'Required_event - Unless a particular Required_situation obtains, Negative_consequences will follow'?","Incorrect","24/08/2025, 15:04:54"
"federico","1755856065076w26pabijxip","Is 'Disintegration' associated with the frame 'Cause_to_fragment'?","Correct","24/08/2025, 15:05:39"
"federico","1755856065076i7bv93v5li","Is 'predisposed' associated with the frame 'Inclination - Due to internal forces/properties, an Entity is inclined towards a particular Behavior, which may be to perform an action or to maintain a state'?","Correct","24/08/2025, 15:05:41"
"federico","1755856065076p0due6wx50s","Is 'agile' associated with the frame 'Dodging'?","Correct","24/08/2025, 15:05:45"
"federico","1755856065076nhqtbdt1ivl","Is 'magnanimous' associated with the frame 'Giving'?","Correct","24/08/2025, 15:05:47"
"federico","1755856065076bnjdx1em4oe","Is 'Lethal' associated with the frame 'Improvised_explosive_device'?","Correct","24/08/2025, 15:05:50"
"federico","1755856065076pot2i0tuhg","Is 'Painful' associated with the frame 'Firing - An Employer ends an employment relationship with an Employee'?","Correct","24/08/2025, 15:05:59"
"federico","1755856065076lousjsmsdnf","Is 'interruption' associated with the frame 'Process_pause'?","Correct","24/08/2025, 15:06:01"
"federico","1755856065076eorltg7mrw","Is 'Rebuilding' associated with the frame 'Ground_up'?","Correct","24/08/2025, 15:06:05"
"federico","17558560650761tfmrcw9oms","Is 'consent' associated with the frame 'Pre_transfer'?","Correct","24/08/2025, 15:06:15"
"federico","17558560650763yk6yivk322","Is 'challenge' associated with the frame 'Confronting_problem'?","Correct","24/08/2025, 15:06:16"
"federico","17558560650768r3muuak7fu","Is 'Decree' associated with the frame 'Prohibiting_or_licensing - In this frame a State_of_affairs is prohibited (or allowed) by a Principle'?","Correct","24/08/2025, 15:06:18"
"federico","17558560650769vwz91ffve","Is 'precipitous' associated with the frame 'Rashness - A Protagonist performs some Action without fully considering the circumstances under which he or she acts, or the possibly (negative) consequences of the Action'?","Correct","24/08/2025, 15:06:20"
"federico","17558560650767iy9wqt0bfa","Is 'needy' associated with the frame 'Needing'?","Correct","24/08/2025, 15:06:21"
"federico","1755856065076y46mj1otla","Is 'Height' associated with the frame 'Gradable_attributes'?","Correct","24/08/2025, 15:06:24"
"federico","1755856065076hb80dbh56us","Is 'Plague' associated with the frame 'Come_down_with'?","Correct","24/08/2025, 15:06:39"
"federico","1755856065076beveurwksi5","Is 'mourn' associated with the frame 'Others_situation_as_stimulus - An Experiencer feels an emotion as evoked as an Other'?","Correct","24/08/2025, 15:06:45"
"federico","1755856065076rjpmloznl9p","Is 'algebra' associated with the frame 'Commutative_process - LUs in this frame describe a commutative operation of arithmetic, e'?","Correct","24/08/2025, 15:06:47"
"federico","1755856065076k19jyl3p91j","Is 'intrepid' associated with the frame 'Colonization - A group of Colonists from a Homeland migrate to and proceed to settle in a New_area'?","Correct","24/08/2025, 15:06:59"
"federico","1755856065076q29nj91kari","Is 'split' associated with the frame 'Fragmentation_scenario - A Whole fragments or breaks into Parts, or alternatively a part, Part_1, breaks off from the rest of the item, called Part_2'?","Correct","24/08/2025, 15:07:02"
"federico","1755856065076bwuih32th3g","Is 'verification' associated with the frame 'Pre_receiving'?","Correct","24/08/2025, 15:07:03"
"federico","1755856065076olp28kvfhul","Is 'Wine' associated with the frame 'Fining'?","Correct","24/08/2025, 15:07:13"
"federico","1755856065076ei8gidde6","Is 'consistent' associated with the frame 'Price_per_unit - A Product is offered by a Seller at a particular Price such that some total cost for the Buyer in the transaction is a multiple of the Price'?","Incorrect","24/08/2025, 15:07:25"
"federico","175585606507608dahu2eolyq","Is 'Challenging' associated with the frame 'Getting_scenario'?","Incorrect","24/08/2025, 15:07:31"
"federico","1755856065076xz52ol1a00d","Is 'distort' associated with the frame 'Communication_noise'?","Correct","24/08/2025, 15:07:33"
"federico","1755856065076qce66s39yoe","Is 'won't' associated with the frame 'Negative_conditional'?","Incorrect","24/08/2025, 15:07:51"
"federico","1755856065076v8uq8hbt5p","Is 'apprehension' associated with the frame 'Becoming_aware - Words in this frame have to do with a Cognizer adding some Phenomenon to their model of the world'?","Correct","24/08/2025, 15:08:00"
"federico","1755856065076o8di7tue5k","Is 'independent' associated with the frame 'Becoming_detached - The Becoming_detached frame covers two situations: a scene in which one thing comes to be physically detached from something else; or a scene in which two things come to be disconnected from each other'?","Correct","24/08/2025, 15:08:14"
"federico","1755856065076yrxt1v6ayh8","Is 'passion' associated with the frame 'Biological_urge'?","Incorrect","24/08/2025, 15:08:25"
"federico","1755856065076kl8c1ymwca","Is 'attached' associated with the frame 'Clothing_parts - The Subparts of Clothing items worn by a Wearer and made of a certain Material'?","Incorrect","24/08/2025, 15:08:31"
"federico","1755856065076gdjsm5ytc0j","Is 'possess' associated with the frame 'Commonality - This frame contains words that describe a set of individuals which possess some Commonality, generally a common attribute'?","Correct","24/08/2025, 15:08:33"
"federico","17558560650769pbx5e97fif","Is 'Loyal' associated with the frame 'Personal_relationship'?","Correct","24/08/2025, 15:08:35"
"federico","17558560650763jwa0wagbom","Is 'Shape' associated with the frame 'Part_edge'?","Correct","24/08/2025, 15:08:42"
"federico","1755856065076y2hugektmw","Is 'authority' associated with the frame 'Law_enforcement_agency - A law enforcement Agency is tasked by a government with guaranteeing compliance with the laws in a particular Jurisdiction'?","Correct","24/08/2025, 15:08:43"
"federico","1755856065076ha77zecx5p","Is 'illustrate' associated with the frame 'Cause_to_perceive'?","Correct","24/08/2025, 15:08:45"
"federico","1755856065076a97308mm325","Is 'Pieces' associated with the frame 'Ground_up - In this frame a Patient is in a state of having been broken into smaller pieces'?","Correct","24/08/2025, 15:08:53"
"federico","17558560650769scthdg92j6","Is 'component' associated with the frame 'Basis_for_attribute'?","Incorrect","24/08/2025, 15:09:03"
"federico","1755856065076xuhixtw34u","Is 'Secure' associated with the frame 'Cache'?","Correct","24/08/2025, 15:09:11"
"federico","1755856065076qy5j9rlyt8","Is 'strategic' associated with the frame 'Goal'?","Correct","24/08/2025, 15:09:17"
"federico","175585606507635ciluwoxvs","Is 'Paper' associated with the frame 'Citing'?","Correct","24/08/2025, 15:09:19"
"federico","1755856065076as2r69u5rp8","Is 'culpable' associated with the frame 'Offenses - Words in this frame describe acts in violation of a legal code'?","Correct","24/08/2025, 15:09:21"
"federico","1755856065076hb0im8m28n8","Is 'Informative' associated with the frame 'Information_display'?","Correct","24/08/2025, 15:09:23"
"federico","1755856065076nqzvnles4el","Is 'Explosive' associated with the frame 'Getting_triggered'?","Correct","24/08/2025, 15:09:25"
"federico","17558560650763wrahmmqg5u","Is 'ongoing' associated with the frame 'Employment_continue - This is a non-perspectivized frame representing the middle stage of the Employment_scenario, in which there is a stable employment relationship between the Employee and the Employer'?","Correct","24/08/2025, 15:09:29"
"federico","1755856065076qn2on4ykz78","Is 'unfulfilled' associated with the frame 'Activity_stop - An Agent ceases an Activity without completing it'?","Correct","24/08/2025, 15:09:31"
"federico","1755856065076g9uv7mmrnd","Is 'Rejoin' associated with the frame 'Meet_with_response - A Trigger elicits a Response'?","Correct","24/08/2025, 15:09:46"
"federico","17558560650765glg1x8lwol","Is 'tender' associated with the frame 'Offering - An Offerer indicates that he or she is able and willing to give a Theme to a Potential_recipient'?","Correct","24/08/2025, 15:09:55"
"federico","1755856065076h955ts7y2h9","Is 'Marijuana' associated with the frame 'Intoxicants'?","Correct","24/08/2025, 15:10:02"
"federico","1755856065076rvanz3huexc","Is 'scam' associated with the frame 'Fall_for'?","Correct","24/08/2025, 15:10:04"
"federico","1755856065076ucrowm8eb3b","Is 'forecast' associated with the frame 'Pre_transfer'?","Incorrect","24/08/2025, 15:10:14"
"federico","17558560650768q38s5alcse","Is 'Brave' associated with the frame 'Member_of_military'?","Incorrect","24/08/2025, 15:10:22"
"federico","17558560650760vb7ouli0gsl","Is 'expose' associated with the frame 'Cause_to_perceive - An Agent, Actor, Entity, or Medium causes a Phenomenon to be perceived by a Perceiver'?","Correct","24/08/2025, 15:10:39"
"federico","1755856065076gbmpuc2jmj","Is 'expatriate' associated with the frame 'People_by_jurisdiction - This frame contains words for individuals, i'?","Correct","24/08/2025, 15:10:41"
"federico","17558560650760nyb6nmcaot","Is 'dominant' associated with the frame 'Occupy_rank'?","Correct","24/08/2025, 15:10:45"
"federico","175585606507646hidm6k50p","Is 'task' associated with the frame 'Function - An Entity is designed for or exists to perform an Activity or fulfill a Role'?","Correct","24/08/2025, 15:10:54"
"federico","1755856065076yd0wzn837v","Is 'Rapid' associated with the frame 'Recovery'?","Correct","24/08/2025, 15:10:57"
"federico","1755856065076r7h2rfm2ad","Is 'determined' associated with the frame 'Attempt_obtain_food_scenario - A Seeker is trying to obtain Food and is seeking it within the context of a Ground'?","Correct","24/08/2025, 15:11:09"
"federico","1755856065076sd1vfp7lme","Is 'Pick' associated with the frame 'Preferred_alternative_scenario - In this scenario, there are two mutually incompatible scenes, the Profiled_possibility and the Opposite_possibility, leading respectively to a preferable Positive_consequence and a dispreferable Undesirable_consequence'?","Correct","24/08/2025, 15:11:11"
"federico","1755856065076ptytdqmgave","Is 'reprobate' associated with the frame 'Disgraceful_situation'?","Correct","24/08/2025, 15:11:13"
"federico","1755856065076k2i03h03qia","Is 'Status' associated with the frame 'Rank'?","Correct","24/08/2025, 15:11:16"
"federico","1755856065076h7ql5cq3unc","Is 'Establishment' associated with the frame 'Institutionalization'?","Correct","24/08/2025, 15:11:20"
"federico","1755856065076xg1t18ejyjl","Is 'intricate' associated with the frame 'Medical_instruments'?","Correct","24/08/2025, 15:11:32"
"federico","17558560650768mkghq8dzat","Is 'focus' associated with the frame 'Aiming'?","Correct","24/08/2025, 15:11:34"
"federico","1755856065076mjn2hsy75mp","Is 'utility' associated with the frame 'Public_services'?","Correct","24/08/2025, 15:11:36"
"federico","1755856065076iw82srjulmr","Is 'asset' associated with the frame 'Lose_possession'?","Correct","24/08/2025, 15:11:37"
"federico","1755856065076dr8uiytpt0g","Is 'lead' associated with the frame 'Relational_political_locales - A Locale is defined politically to be the head of state of another, larger political locale, the Container_possessor'?","Correct","24/08/2025, 15:11:40"
"federico","1755856065076ddi4z59w21c","Is 'hire' associated with the frame 'Employment_start'?","Correct","24/08/2025, 15:11:42"
"federico","1755856065076xbo1qpg2zw","Is 'Sweeping' associated with the frame 'Range'?","Correct","24/08/2025, 15:11:44"
"federico","1755856065076yalsyy2cbn","Is 'clear' associated with the frame 'Purpose - An Agent wants to achieve a Goal,  or an object'?","Correct","24/08/2025, 15:11:48"
"federico","17558560650769pi8ni7dknh","Is 'fit' associated with the frame 'Exercising - An Agent actively maintains or improves their level of phyiscal fitness'?","Correct","24/08/2025, 15:11:50"
"federico","175585606507646bkaigyh8p","Is 'govern' associated with the frame 'Control'?","Correct","24/08/2025, 15:11:51"
"federico","1755856065076qv8477b7jha","Is 'Bent' associated with the frame 'Change_posture - A Protagonist changes the overall position and posture of the body'?","Correct","24/08/2025, 15:11:55"
"federico","1755856065076spvaxzzukxi","Is 'fusion' associated with the frame 'Cause_to_amalgamate'?","Correct","24/08/2025, 15:11:57"
"federico","175585606507609vuk1e06wu7","Is 'comprehensive' associated with the frame 'Completeness'?","Correct","24/08/2025, 15:12:00"
"federico","1755856065076mqfsjy3blvl","Is 'interest' associated with the frame 'Emotions_of_mental_activity - An Experiencer can be described as having an emotion as induced by a Stimulus'?","Correct","24/08/2025, 15:12:04"
"federico","1755856065076ai70hy7vccq","Is 'Authority' associated with the frame 'Evading'?","Correct","24/08/2025, 15:12:12"
"federico","1755856065076k90pre965ec","Is 'conservation' associated with the frame 'Biological_area'?","Incorrect","24/08/2025, 15:12:28"
"federico","1755856065076vuynmn1k9j","Is 'Counterproductive' associated with the frame 'Hindering'?","Correct","24/08/2025, 15:12:54"
"federico","1755856065076wqzzfq8s66","Is 'Commitment' associated with the frame 'Being_obligatory - Under some Condition, usually left implicit, a Duty needs to be fulfilled by a  Responsible_party'?","Correct","24/08/2025, 15:12:56"
"federico","1755856065076oiiwbl1j8cm","Is 'critical' associated with the frame 'Reading_perception - The Reader attends to a Text to process its information'?","Correct","24/08/2025, 15:15:11"
"federico","1755856065076z5hxz7pe1z","Is 'Liability' associated with the frame 'Justifying - An Agent has done or omitted to do an Act or is responsible for the obtaining of a State_of_affairs, which a Judge deems to constitute a violation of an obligation or a moral guideline'?","Correct","24/08/2025, 15:16:46"
"federico","1755856065076rz5v5h1yko","Is 'Fulfill' associated with the frame 'Completeness'?","Correct","24/08/2025, 15:16:53"
"federico","1755856065076d6zcvfb745i","Is 'Fern' associated with the frame 'Plants - The LUs in this frame refer to biological entities other than human beings and animals, which are labeled by the FE Plant'?","Correct","24/08/2025, 15:17:03"
"federico","1755856065076yw9byp5hpfd","Is 'Authorized' associated with the frame 'Capability - An Entity meets the pre-conditions for participating in an Event'?","Correct","24/08/2025, 15:17:05"
"federico","1755856065076nkz2bii904n","Is 'declare' associated with the frame 'Communicate_categorization - A Speaker communicates a message stating an Item's membership in a Category, i'?","Correct","24/08/2025, 15:17:07"
"federico","1755856065076zfta7q83ugs","Is 'Surveillance' associated with the frame 'Patrolling - An individual or group, the Patrol moves through and examines a Ground in order to ensure that it is in a generally Desired_state_of_affairs, particularly that it is safe and contains no dangerous Unwanted_entity'?","Correct","24/08/2025, 15:17:09"
"federico","1755856065076kstn87ca8il","Is 'Target' associated with the frame 'Hit_or_miss - An Agent succeeds or fails to interact perceptually or physically with the Target or Target_location'?","Correct","24/08/2025, 15:17:11"
"federico","1755856065076529al7diob7","Is 'elite' associated with the frame 'Membership'?","Correct","24/08/2025, 15:17:13"
"federico","1755856065076tba57mrpvag","Is 'Operations' associated with the frame 'Arithmetic_commutative - This frame describes types of arithmetic operations and statements which have the commutative property, i'?","Incorrect","24/08/2025, 15:17:22"
"federico","1755856065076am78kryprkg","Is 'obstacle' associated with the frame 'Communication_noise'?","Correct","24/08/2025, 15:17:24"
"federico","1755856065076lezlydvn8s","Is 'felony' associated with the frame 'Committing_crime - A Perpetrator (generally intentionally) commits a Crime, i'?","Correct","24/08/2025, 15:17:26"
"federico","17558560650760g6h5uag29zo","Is 'fetching' associated with the frame 'Bringing - This frame concerns the movement of a Theme and an Agent and/or Carrier'?","Correct","24/08/2025, 15:17:29"
"federico","1755856065076fifbgdykjg","Is 'hang' associated with the frame 'Activity_paused_state - An Agent remains in a particular stage of an Activity, without progressing in the activity'?","Correct","24/08/2025, 15:17:31"
"federico","1755856065076z6ktb1p8ia","Is 'Extinguisher' associated with the frame 'Firefighting - This frame characterizes the situation or state of affairs in which someone acts to prevent a Fire_disaster from occurring, accelerating, or affecting any area not identified as a Controlled_area'?","Correct","24/08/2025, 15:17:36"
"federico","1755856065076lj3a1d5rxas","Is 'rational' associated with the frame 'Reasoning'?","Correct","24/08/2025, 15:17:38"
"federico","1755856065076b80r4wrpcye","Is 'upturn' associated with the frame 'Improvement_or_decline - An Entity improves from a less desirable Prior_state to a more desirable Post_state'?","Correct","24/08/2025, 15:17:49"
"federico","1755856065076rsm0jromp9q","Is 'Dynamic' associated with the frame 'Impact - While in motion, an Impactor makes sudden, forcible contact with the Impactee, or two Impactors both move, mutually making forcible contact'?","Correct","24/08/2025, 15:18:04"
"federico","17558560650764qtj96wxijh","Is 'Welcoming' associated with the frame 'Friendly_or_hostile'?","Correct","24/08/2025, 15:18:07"
"federico","1755856065076zhqe3luoxs","Is 'buy' associated with the frame 'Change_of_quantity_of_possession - This frame describes a general situation in which an Owner either increases or decreases their amount of a Possession'?","Correct","24/08/2025, 15:18:15"
"federico","17558560650760qp5l1nuw4pj","Is 'discerning' associated with the frame 'Assessing - An Assessor examines a Phenomenon to figure out its Value according to some Feature of the Phenomenon'?","Correct","24/08/2025, 15:18:18"
"federico","1755856065076160qt9f1gvy","Is 'vibrate' associated with the frame 'Moving_in_place - A Theme moves with respect to a Fixed_location, generally with a certain Periodicity, without undergoing unbounded translational motion or significant alteration of configuration/shape'?","Correct","24/08/2025, 15:18:19"
"federico","17558560650769ybvycv0gxu","Is 'Load' associated with the frame 'Cache'?","Correct","24/08/2025, 15:18:33"
"federico","175585606507665f1cb3xen2","Is 'gain' associated with the frame 'Receiving'?","Correct","24/08/2025, 15:18:34"
"federico","1755856065076y3urlj8rh7","Is 'surpass' associated with the frame 'Ranked_expectation - An Entity is rated as unexpected for its context in terms of its magnitude'?","Correct","24/08/2025, 15:18:46"
"federico","17558560650767tj1ucl13l6","Is 'removal' associated with the frame 'Emptying - These are words relating to emptying containers and clearing areas of some substance or items'?","Correct","24/08/2025, 15:19:44"
"federico","17558560650764gidfaok31k","Is 'vehicle' associated with the frame 'Operate_vehicle - The words in this frame describe motion involving a Vehicle and someone who controls it, the Driver'?","Correct","24/08/2025, 15:19:58"
"federico","1755856065076inpknxqxl","Is 'local' associated with the frame 'People_by_jurisdiction - This frame contains words for individuals, i'?","Correct","24/08/2025, 15:20:00"
"federico","1755856065076ells81awiwk","Is 'mildew' associated with the frame 'Rotting - In this frame a Patient, which is  an organic substance, undergoes the natural process of decaying from an Initial_state to a Result'?","Correct","24/08/2025, 15:20:10"
"federico","1755856065076xb2tmm0u6m","Is 'battle' associated with the frame 'Fire_emergency_scenario - This frame characterizes any scenario in which the presence of a fire necessitates an emergency response in order to mitigate damage directly caused by the fire'?","Correct","24/08/2025, 15:20:13"
"federico","175585606507640hdod2mq3d","Is 'Weigh' associated with the frame 'Jury_deliberation - The Jury discuss the Case and its Charges in order to evaluate the  Possible_sentence of the accused'?","Correct","24/08/2025, 15:20:17"
"federico","1755856065076oo1zgxmw5xh","Is 'monument' associated with the frame 'Commemorative'?","Correct","24/08/2025, 15:20:19"
"federico","1755856065076as15x85phpj","Is 'Control' associated with the frame 'Manipulation'?","Correct","24/08/2025, 15:20:22"
"federico","1755856065076qh9hjj0sru","Is 'Greenhouse' associated with the frame 'Growing_food - A Grower endeavors to tend to and influence the environment of Food so as to foster its growth'?","Correct","24/08/2025, 15:20:24"
"federico","1755856065076k0rbjkv7z3s","Is 'take' associated with the frame 'Borrowing - The Borrower takes possession of a Theme with the knowledge that the Borrower will have to give the Theme back to the Lender after a Duration of time'?","Correct","24/08/2025, 15:20:27"
"federico","1755856065076az61sx5sire","Is 'forceful' associated with the frame 'Cause_motion'?","Correct","24/08/2025, 15:21:31"
"federico","1755856065076xahfzhd4zyp","Is 'domineering' associated with the frame 'Claim_ownership'?","Incorrect","24/08/2025, 15:21:51"
"federico","1755856065076i1z07c1hzj","Is 'complex' associated with the frame 'Path_traveled'?","Incorrect","24/08/2025, 15:22:18"
"federico","1755856065076xngvohaag5","Is 'scan' associated with the frame 'Be_on_alert'?","Correct","24/08/2025, 15:22:54"
"federico","17558560650761erxxz5ekyc","Is 'homegrown' associated with the frame 'Growing_food'?","Correct","24/08/2025, 15:23:04"
"federico","1755856065076y5y9a3edp8c","Is 'identification' associated with the frame 'Referring_by_name'?","Correct","24/08/2025, 15:23:14"
"federico","1755856065076aaa9m4rz6at","Is 'battle' associated with the frame 'Fighting_activity'?","Correct","24/08/2025, 15:23:15"
"federico","1755856065076gqagplw87h4","Is 'Ready' associated with the frame 'Being_operational - An Object with an understood function is or is not in a state ready to perform that function'?","Correct","24/08/2025, 15:23:18"
"federico","1755856065076g2z6p0e1h98","Is 'secretive' associated with the frame 'Losing_track_of_perceiver - This frames describes a Theme who evades the sight of a Perceiver'?","Correct","24/08/2025, 15:23:27"
"federico","1755856065076lllxt7q4p0i","Is 'disavow' associated with the frame 'Negation'?","Correct","24/08/2025, 15:23:43"
"federico","1755856065076cg43gaiekpd","Is 'use' associated with the frame 'Remainder - A Resource is depleted by some process, resulting in there being only a Remainder in existence some time into or after the process'?","Correct","24/08/2025, 15:23:51"
"federico","1755856065076kavfd7yxyc","Is 'initiatory' associated with the frame 'Getting_underway - A Self_mover begins the motion away from a relatively deprofiled Source location'?","Correct","24/08/2025, 15:24:00"
"federico","175585606507662gvjrnf37w","Is 'leave' associated with the frame 'Region_with_portal'?","Correct","24/08/2025, 15:24:12"
"federico","1755856065076rn5fuodz5z9","Is 'amenity' associated with the frame 'Hospitality'?","Correct","24/08/2025, 15:24:15"
"federico","1755856065076k5mvpdttef","Is 'Judge' associated with the frame 'Legal_rulings - An Authority with the power to make decisions hands down a Finding over a question presented in a formal or informal Case'?","Correct","24/08/2025, 15:24:17"
"federico","1755856065076v3z29pjvvdj","Is 'aggressive' associated with the frame 'Hunting'?","Correct","24/08/2025, 15:24:28"
"federico","1755856065076g6jspgdvqk9","Is 'highest' associated with the frame 'Judicial_body'?","Correct","24/08/2025, 15:24:46"
"federico","1755856065076fll9uxjhpbo","Is 'variation' associated with the frame 'Measure_scenario - An Entity has a particular Value for an Attribute which may be described in several different ways, including: '' Degree of deviation from the Value expected for the kind of Entity seen in a particular instance, or in comparison to some other explicit comparison set'?","Correct","24/08/2025, 15:24:57"
"federico","1755856065076yh08k02t8a","Is 'Future' associated with the frame 'Destiny'?","Correct","24/08/2025, 15:24:59"
"federico","1755856065076doxgr8l58j8","Is 'Movable' associated with the frame 'Change_event_time'?","Correct","24/08/2025, 15:25:00"
"federico","17558560650766suaxvmba2w","Is 'seize' associated with the frame 'Getting - A Recipient starts off without the Theme in their possession, and then comes to possess it'?","Correct","24/08/2025, 15:25:02"
"federico","1755856065076a4rbgg7mmwk","Is 'contribute' associated with the frame 'Giving - A Donor transfers a Theme from a Donor to a Recipient'?","Correct","24/08/2025, 15:25:05"
"federico","1755856065076c4r3gy1l2ta","Is 'Expression' associated with the frame 'Artistic_style - This frame contains LUs that express the Form which a piece of Artwork represents'?","Correct","24/08/2025, 15:25:07"
"federico","17558560650765wbz3dooa1g","Is 'mild' associated with the frame 'Condition_symptom_relation - A Patient has a Medical_condition that can be understood by its Symptoms'?","Correct","24/08/2025, 15:25:09"
"federico","17558560650765t1bph6y6be","Is 'Rifle' associated with the frame 'Hunting_scenario'?","Correct","24/08/2025, 15:25:11"
"federico","1755856065076lu8wrvh39il","Is 'Virtuous' associated with the frame 'People_by_morality'?","Correct","24/08/2025, 15:25:13"
"federico","175585606507656r5i8xwzi3","Is 'placement' associated with the frame 'Relational_location - This is a general frame that identifies a Profiled_region whose configuration is specified by an image schema (specified in more specific child frames) and located relative to a Ground'?","Correct","24/08/2025, 15:25:15"
"federico","1755856065076qvyjot0zzfg","Is 'opportunity' associated with the frame 'Luck'?","Correct","24/08/2025, 15:25:16"
"federico","1755856065076zvx33a5y8fl","Is 'Reversible' associated with the frame 'Commutative_process'?","Correct","24/08/2025, 15:25:18"
"federico","1755856065076a6if64pxrdh","Is 'Land' associated with the frame 'Indigenous_origin - An Entity began its existence in the context of a location of Origin, which is a discourse-salient place, or culture'?","Correct","24/08/2025, 15:25:26"
"federico","1755856065076k02gwtjkb","Is 'prosperity' associated with the frame 'Distributed_abundance'?","Correct","24/08/2025, 15:25:28"
"federico","1755856065076dhukr4jq9nj","Is 'total' associated with the frame 'Immobilization'?","Correct","24/08/2025, 15:29:45"
"federico","1755856065076h7swjg2ir1","Is 'crme de la crme' associated with the frame 'First_rank - An Item is located at the top end of a scale of importance or social rank (or some other Attribute) in comparison to other members of a Contrast_set (usually, implicit) that is otherwise similar in kind to the Item'?","Incorrect","24/08/2025, 15:29:57"
"federico","1755856065076876nqyntcld","Is 'Suspend' associated with the frame 'Activity_paused_state'?","Correct","24/08/2025, 15:30:01"
"federico","1755856065076wux2o1c53an","Is 'Narrow' associated with the frame 'Dimension - This frame concerns  words that express an Object's position on a scale, its Measurement, with respect to some attribute, its Dimension'?","Correct","24/08/2025, 15:30:17"
"federico","17558560650761321luqxjiz","Is 'Fist' associated with the frame 'Dodging - A Dodger acts to avoid an oncoming moving Bad_entity'?","Correct","24/08/2025, 15:30:21"
"federico","1755856065076finkfax1yfd","Is 'visit' associated with the frame 'Drop_in_on - A Visitor arrives at the Host_location as a guest of the Host, for the purpose of achieving a Purpose'?","Correct","24/08/2025, 15:30:25"
"federico","1755856065076xwr0a28d6z","Is 'mention' associated with the frame 'Referring_by_name - A Speaker uses a particular linguistic form, a Name to refer to an Entity'?","Correct","24/08/2025, 15:30:27"
"federico","175585606507647wg5xqmdfy","Is 'Drugs' associated with the frame 'Addiction - This frame concerns an Addict's physiological or psychological compulsive dependence on an Addictant, the substance or behavior to which the Addict is addicted'?","Correct","24/08/2025, 15:30:29"
"federico","1755856065076k8137pur4g","Is 'bond' associated with the frame 'Relation - A relation holds between Entity_1 and Entity_2'?","Correct","24/08/2025, 15:30:31"
"federico","17558560650762hbx40tf5w2","Is 'Comprehensive' associated with the frame 'Court_examination'?","Incorrect","24/08/2025, 15:30:35"
"federico","1755856065076lmi7fn0evp","Is 'exposed' associated with the frame 'Just_found_out'?","Correct","24/08/2025, 15:30:37"
"federico","17558560650766fd5eo90eir","Is 'Designer' associated with the frame 'Intentionally_create - The Creator creates a new entity, the Created_entity, possibly out of Components'?","Correct","24/08/2025, 15:30:51"
"federico","1755856065076vu5wdg0b7k","Is 'Material' associated with the frame 'Absorb_heat'?","Correct","24/08/2025, 15:30:53"
"federico","1755856065076dnvoqgk1snb","Is 'stringent' associated with the frame 'Prohibiting_or_licensing - In this frame a State_of_affairs is prohibited (or allowed) by a Principle'?","Correct","24/08/2025, 15:30:57"
"federico","1755856065076jdg4wlocrr","Is 'emergent' associated with the frame 'Ontogeny - An Entity develops from a Prior_state to a Post_state'?","Correct","24/08/2025, 15:31:02"
"federico","1755856065076edzoqb1ulu8","Is 'organized' associated with the frame 'Container_focused_placing'?","Correct","24/08/2025, 15:31:08"
"federico","17558560650766ur73h7d44i","Is 'activate' associated with the frame 'Process_initial_state'?","Correct","24/08/2025, 15:31:12"
"federico","1755856065076783fevjjkl5","Is 'position' associated with the frame 'Change_post-state - The frame represents the result state of the Entity after event represented by the Undergo_change frame'?","Correct","24/08/2025, 15:31:16"
"federico","17558560650761dsa0b2oa55","Is 'Restricted' associated with the frame 'Locale_closure - A building or location that can be sealed to prevent entrance, the Locale, ceases to be open for use'?","Correct","24/08/2025, 15:31:20"
"federico","1755856065076pjxbwejz9em","Is 'request' associated with the frame 'Attempt_suasion - The  Speaker expresses through language his wish to get the Addressee to act in some way that will help to bring about events or states described in the Content'?","Correct","24/08/2025, 15:31:21"
"federico","1755856065076z6za75ef64","Is 'Lengthen' associated with the frame 'Change_event_duration'?","Correct","24/08/2025, 15:31:23"
"federico","17558560650763pnj6w5cfkw","Is 'senesce' associated with the frame 'Aging'?","Correct","24/08/2025, 15:31:32"
"federico","17558560650762z7ajw6quxi","Is 'calculate' associated with the frame 'Probability - This frame characterizes the likelihood that a Hypothetical_event will happen as a position on a scale of impossible to inevitable'?","Correct","24/08/2025, 15:34:12"
"federico","17558560650763jkrgdc0q4j","Is 'Versatile' associated with the frame 'Capability'?","Correct","24/08/2025, 15:34:19"
"federico","1755856065076bfw1nxsjnp","Is 'qualified' associated with the frame 'Capability - An Entity meets the pre-conditions for participating in an Event'?","Correct","24/08/2025, 15:34:24"
"federico","175585606507642sgx5shu6v","Is 'Sample' associated with the frame 'Probability'?","Correct","24/08/2025, 15:34:26"
"federico","1755856065076m5oyfpw1i6f","Is 'Comprehensive' associated with the frame 'Respond_to_proposal'?","Incorrect","24/08/2025, 15:34:31"
"federico","175585606507694hlzy1rdfr","Is 'remorseful' associated with the frame 'Others_situation_as_stimulus - An Experiencer feels an emotion as evoked as an Other'?","Incorrect","24/08/2025, 15:34:49"
"federico","1755856065076iba5fb1xst","Is 'abdicate' associated with the frame 'Renunciation - A Speaker declares that they will no longer be involved with the Content'?","Correct","24/08/2025, 15:35:04"
"federico","1755856065076277tfy0r2xo","Is 'Imprisoning' associated with the frame 'Inhibit_movement - An Agent restricts the movement of a Theme to within the vicinity of the Holding_location, despite the Theme's desire, plan, or tendency towards motion; the Agent may also use an Instrument'?","Correct","24/08/2025, 15:35:07"
"federico","17558560650768x7ry3ac0c","Is 'Kangaroo' associated with the frame 'Animals - The LUs in this frame refer to biological entities other than human beings and plants, which are labeled by the FE Animal'?","Correct","24/08/2025, 15:35:11"
"federico","1755856065076fxv8bhafc1","Is 'beginning' associated with the frame 'First_experience'?","Correct","24/08/2025, 15:35:13"
"federico","17558560650768da6woyi0cl","Is 'ephemeral' associated with the frame 'Cycle_of_existence_scenario - An Entity comes into being, exists for some time, and ceases to be'?","Correct","24/08/2025, 15:35:15"
"federico","1755856065076ftxrl6i8aka","Is 'Figure' associated with the frame 'Presence'?","Correct","24/08/2025, 15:35:30"
"federico","1755856065076rub11i7v2z","Is 'argument' associated with the frame 'Quarreling'?","Correct","24/08/2025, 15:35:32"
"federico","1755856065076ta36au14hk","Is 'Systematic' associated with the frame 'Assemble'?","Incorrect","24/08/2025, 15:35:41"
"federico","1755856065076tksatvnzgo","Is 'Expatriate' associated with the frame 'People_by_origin'?","Correct","24/08/2025, 15:35:49"
"federico","1755856065076krk1f7gala","Is 'proud' associated with the frame 'Accomplishment'?","Correct","24/08/2025, 15:35:52"
"federico","1755856065076rerwazms9nf","Is 'identity' associated with the frame 'Commutative_statement'?","Incorrect","24/08/2025, 15:37:50"
"federico","1755856065076o9yzdq00vq","Is 'apprehend' associated with the frame 'Awareness_status - Some Content is part of the mental model of a Cognizer'?","Correct","24/08/2025, 15:37:57"
"federico","1755856065076ghs3h0a3ib6","Is 'characteristics' associated with the frame 'Attributes'?","Correct","24/08/2025, 15:37:59"
"federico","1755856065076egk91487zhr","Is 'Ranch' associated with the frame 'Food_gathering'?","Incorrect","24/08/2025, 15:38:08"
"federico","1755856065076kl7zrmvi4lf","Is 'void' associated with the frame 'Excreting - An Excreter excretes Excreta'?","Correct","24/08/2025, 15:38:20"
"federico","1755856065076mngg41wf3ga","Is 'Contemplation' associated with the frame 'Mental_activity'?","Correct","24/08/2025, 15:38:23"
"federico","1755856065076jiis31cdrdf","Is 'Microphone' associated with the frame 'Recording'?","Correct","24/08/2025, 15:38:24"
"federico","1755856065076lhe9rbuy5wg","Is 'Timeline' associated with the frame 'Change_event_time'?","Correct","24/08/2025, 15:38:26"
"federico","1755856065076d8a8ssjlvlh","Is 'market' associated with the frame 'Businesses'?","Correct","24/08/2025, 15:38:29"
"federico","1755856065076y43tkdjcwx","Is 'rob' associated with the frame 'Committing_crime'?","Correct","24/08/2025, 15:38:31"
"federico","1755856065076kj13pwixax","Is 'Troublesome' associated with the frame 'Confronting_problem'?","Correct","24/08/2025, 15:38:35"
"federico","1755856065076pj22ihfzi2","Is 'subtractive' associated with the frame 'Arithmetic - This frame describes a certain type of mathematical scenario in which two numbers, labeled Term1 and Term2, interact via some mathematical operation'?","Correct","24/08/2025, 15:38:37"
"federico","175585606507661snc4nn81t","Is 'resourceful' associated with the frame 'Hunting - A Hunter tries to gain Food by way of outsmarting or tracking a living'?","Incorrect","24/08/2025, 15:38:51"
"federico","1755856065076ykaxzblja5l","Is 'secure' associated with the frame 'Getting_scenario - In this scenario, the Recipient begins without the Theme, then acquires the Theme from a Source'?","Correct","24/08/2025, 15:39:00"
"federico","1755856065076x3bu1jpq01k","Is 'perceive' associated with the frame 'Awareness_status'?","Correct","24/08/2025, 15:40:03"
"federico","1755856065076p97j7l2u4ac","Is 'relinquishment' associated with the frame 'Abandonment - An Agent leaves behind a Theme effectively rendering it no longer within their control or of the normal security as one's property'?","Correct","24/08/2025, 15:40:17"
"federico","1755856065076ig079nv9fc8","Is 'Innovate' associated with the frame 'Achieving_first - A Cognizer introduces a New_idea into society'?","Correct","24/08/2025, 15:40:22"
"federico","1755856065076ttuqpbqs42","Is 'mend' associated with the frame 'Personal_relationship'?","Incorrect","24/08/2025, 15:40:33"
"federico","17558560650766nolgxohix3","Is 'establish' associated with the frame 'Make_cognitive_connection - Using Evidence, which may or may not be expressed, a Cognizer recognizes or proves that Concept1 is associated causally or collocationally with another concept, Concept2'?","Correct","24/08/2025, 15:40:41"
"federico","1755856065076550npkc6pq8","Is 'detailed' associated with the frame 'Notification_of_charges'?","Incorrect","24/08/2025, 15:40:46"
"federico","1755856065076agqyal9m72","Is 'Imagine' associated with the frame 'Possibility'?","Incorrect","24/08/2025, 15:40:58"
"federico","1755856065076wu79sq5hib","Is 'transformation' associated with the frame 'Reshaping'?","Correct","24/08/2025, 15:41:00"
"federico","1755856065076iear9x2f4fq","Is 'sort' associated with the frame 'Rank'?","Correct","24/08/2025, 15:41:02"
"federico","1755856065076suq2zkq8g7s","Is 'sly' associated with the frame 'Losing_track_of_perceiver - This frames describes a Theme who evades the sight of a Perceiver'?","Incorrect","24/08/2025, 15:41:14"
"federico","17558560650765ty45c33lqa","Is 'generate' associated with the frame 'Electricity - Lexical units in this frame refer to Electricity, in particular as a form of energy harnessed for particular uses (such as powering machines)'?","Correct","24/08/2025, 15:41:25"
"federico","17558560650763c627m10gjt","Is 'Changing' associated with the frame 'Dynamic_situation_scenario - This frame denotes simple Events in which an Entity is in a dynamic situation, usually punctually or continually changing to conform to the situation encoded in the Event_endstate'?","Correct","24/08/2025, 15:41:28"
"federico","1755856065076pgf424zncc","Is 'stage' associated with the frame 'Prank'?","Correct","24/08/2025, 15:41:37"
"federico","1755856065076ebbmc26pu6c","Is 'violation' associated with the frame 'Compliance - This frame concerns Acts and State_of_Affairs for which Protagonists are responsible and which either follow or violate some set of rules  or Norms'?","Correct","24/08/2025, 15:54:54"
"federico","175585606507673wgsej3fa5","Is 'Unambiguous' associated with the frame 'Indicating - A Communicator or Medium assigns linguistic meaning to an Unresolved_referent thereby identifying the specific actor or entity which fulfills the answer to this question'?","Correct","24/08/2025, 15:55:05"
"federico","1755856065076xhxrifn74p","Is 'diagnose' associated with the frame 'Medical_interaction_scenario - A Patient interacts with one or more Medics (doctors, nurses, and/or EMTs with a responsibility for the Patient's health) so that the Medics can determine the health status of the Patient and maintain or restore the Patient's health as necessary'?","Correct","24/08/2025, 15:55:06"
"federico","1755856065076yhjgo4c1zdf","Is 'initial' associated with the frame 'Process_initial_state - The initial State of an Entity in an event; part of the Event X-schema'?","Correct","24/08/2025, 15:55:08"
"federico","17558560650762p1fiox20ih","Is 'astute' associated with the frame 'Becoming_aware - Words in this frame have to do with a Cognizer adding some Phenomenon to their model of the world'?","Correct","24/08/2025, 15:55:10"
"federico","1755856065076hoo717rcfm","Is 'ethics' associated with the frame 'Morality_evaluation'?","Correct","24/08/2025, 15:55:12"
"federico","17558560650763gsv8ycvacv","Is 'countryside' associated with the frame 'Isolated_places - A Place is located far off from centers of population, culture, and/or trade'?","Correct","24/08/2025, 15:55:13"
"federico","1755856065076j1iho0eatgn","Is 'contentious' associated with the frame 'Point_of_dispute - The answer to a Question is under discussion in a Group, which still  has a difference of opinion among its members'?","Correct","24/08/2025, 15:55:16"
"federico","1755856065076e4e444ldb0h","Is 'Average' associated with the frame 'Medium'?","Correct","24/08/2025, 15:55:28"
"federico","17558560650760s3ea4cdzxr","Is 'portrait' associated with the frame 'Create_representation - A Creator  produces a physical object which is to serve as a Representation of an actual or imagined entity or event, the Represented'?","Correct","24/08/2025, 15:56:28"
"federico","1755856065076o2ml4he38v","Is 'Region' associated with the frame 'Distributed_position - This frame involves a static (primarily spatial) relationship between a Location and a Theme, in which the Theme is located in many or all subregions of the Location, and is thus construable as covering it'?","Incorrect","24/08/2025, 15:57:50"
"federico","1755856065076jk4e0fb7qmo","Is 'uprising' associated with the frame 'Rebellion - An individual or group, the Rebel, rejects the authority of the Current_leadership, and attempts to bring them out of power'?","Correct","24/08/2025, 16:03:18"
"federico","1755856065076mghlbw751mm","Is 'oxidation' associated with the frame 'Corroding - In this frame the Patient, an inorganic item, undergoes a chemical process which renders it less useful, desirable or stable'?","Correct","24/08/2025, 16:03:20"
"federico","1755856065076xmmjkfs0zs","Is 'template' associated with the frame 'Image_schema'?","Correct","24/08/2025, 16:03:21"
"federico","1755856065076hb2b6bezzi","Is 'Discerning' associated with the frame 'Container_focused_removing'?","Incorrect","24/08/2025, 16:03:31"
"federico","1755856065076sb58sotxlel","Is 'repetition' associated with the frame 'Duplication'?","Correct","24/08/2025, 16:03:39"
"federico","1755856065076dfww79924x","Is 'overcome' associated with the frame 'Finish_competition'?","Incorrect","24/08/2025, 16:18:30"
"federico","1755856065076x9drvndofnq","Is 'climb' associated with the frame 'Change_of_temperature'?","Incorrect","24/08/2025, 16:19:59"
"federico","1755856065076svfy85enxwb","Is 'Contiguous' associated with the frame 'Contact_image_schema - A Profiled_region occupies the space in contact with the Ground'?","Correct","24/08/2025, 16:20:02"
"federico","1755856065076c2z1offu8ap","Is 'Authorized' associated with the frame 'Domain'?","Incorrect","24/08/2025, 16:20:11"
"federico","1755856065076qsaiwijb4l","Is 'hostage' associated with the frame 'Freeing_from_confinement - An Agent causes a Theme which was held captive to be free from a Location_of_confinement, against the wishes of the captors'?","Correct","24/08/2025, 16:20:28"
"federico","1755856065076kp17qi22tke","Is 'steady' associated with the frame 'Rate_quantification - An Event occurs that can be characterized by a given Rate'?","Correct","24/08/2025, 16:20:30"
"federico","1755856065076tchn39boh3s","Is 'finish' associated with the frame 'Process_completed_state - A Process is finished and can no longer proceed'?","Correct","24/08/2025, 16:20:32"
"federico","1755856065076qumqf02c4uc","Is 'Emotional' associated with the frame 'Becoming_attached'?","Correct","24/08/2025, 16:20:34"
"federico","1755856065076v5fttwgs66j","Is 'Floor' associated with the frame 'Building_subparts - This frame includes words that name subparts of buildings that can be occupied by people'?","Correct","24/08/2025, 16:20:35"
"federico","1755856065076fs9ty38sac8","Is 'attain' associated with the frame 'Capability'?","Incorrect","24/08/2025, 16:20:42"
"federico","1755856065076momtijut49","Is 'bad' associated with the frame 'Come_down_with'?","Incorrect","24/08/2025, 16:21:02"
"federico","1755856065076r2nrfvtd6an","Is 'cross' associated with the frame 'Path_traveled - A Path, a series of connected locations, is traversed by a Theme, moving under its own power or under the influence of a physical force'?","Correct","24/08/2025, 16:21:10"
"federico","175585606507619l6bv1hhg9j","Is 'acquire' associated with the frame 'Post_receiving - The state-of-affairs immediately after the Recipient has come into possession of the Theme offered by the Donor'?","Correct","24/08/2025, 16:21:12"
"federico","1755856065076kowq4l7tpq","Is 'Runny' associated with the frame 'Cause_change_of_consistency'?","Correct","24/08/2025, 16:21:16"
"federico","17558560650766xju96r44ts","Is 'deterioration' associated with the frame 'Cause_to_rot'?","Correct","24/08/2025, 16:21:18"
"federico","1755856065076zr47cedbtk","Is 'discontinue' associated with the frame 'Process_uncompleted_state'?","Correct","24/08/2025, 16:21:21"
"federico","1755856065076dr0lbu66a1f","Is 'total' associated with the frame 'Amounting_to'?","Correct","24/08/2025, 16:21:27"
"federico","1755856065076oad96aumpke","Is 'Bountiful' associated with the frame 'Giving'?","Correct","24/08/2025, 16:21:33"
"federico","17558560650761ep9ufculeg","Is 'square kilometer' associated with the frame 'Measure_area - This transparent noun frame is concerned with Units for measuring the Area of regions'?","Correct","24/08/2025, 16:23:13"
"federico","17558560650761n6c99yxnss","Is 'Pilot' associated with the frame 'People_by_military_specialty - The LUs in this frame refer to Fighter in Military_organizations according to their specialty in general or their function at a particular place and time'?","Correct","24/08/2025, 16:23:22"
"federico","1755856065076fk5iwqmehg7","Is 'lodge' associated with the frame 'Have_visitor_over - A Host, at a location strongly associated with him/herself (such as a place of employment or residence), temporarily hosts a Visitor so that the Visitor can achieve a goal'?","Correct","24/08/2025, 16:23:25"
"federico","1755856065076ppah9gga0ee","Is 'fighter' associated with the frame 'Irregular_combatants - A Combatant is declared or loyal to a Side in a military Conflict'?","Correct","24/08/2025, 16:23:28"
"federico","1755856065076vbulveflw1","Is 'restricted' associated with the frame 'Containing - In this frame a Container holds within its physical boundaries the Contents'?","Correct","24/08/2025, 16:23:30"
"federico","1755856065076g1g57uld3e","Is 'aware' associated with the frame 'Experiencer_obj'?","Correct","24/08/2025, 16:23:32"
"federico","1755856065076996688alpej","Is 'thermodynamics' associated with the frame 'Heat_potential'?","Correct","24/08/2025, 16:23:33"
"federico","1755856065076j82kk41xtq","Is 'steal' associated with the frame 'Losing_track_of_perceiver - This frames describes a Theme who evades the sight of a Perceiver'?","Incorrect","24/08/2025, 16:23:49"
"federico","17558560650763orsu3yum0y","Is 'diversify' associated with the frame 'Economy'?","Correct","24/08/2025, 16:24:30"
"federico","1755856065076vrht8vw4mi","Is 'accomplishments' associated with the frame 'Activity_resume'?","Incorrect","24/08/2025, 16:24:33"
"federico","1755856065076qfnek1000p","Is 'hesitant' associated with the frame 'Activity_pause - An Agent pauses in the course of an Activity'?","Incorrect","24/08/2025, 16:24:41"
"federico","175585606507677t3b0me737","Is 'Measure' associated with the frame 'Measurable_attributes'?","Correct","24/08/2025, 16:24:43"
"federico","1755856065076zkpsu3hbi69","Is 'Expectant' associated with the frame 'Emotions_by_possibility - An Experiencer, Expressor, Event, or State can be described as characterized by a particular emotion as evoked by a possibility in their future (Stimulus) or concerning a given Topic'?","Correct","24/08/2025, 16:24:51"
"federico","175585606507637olb1m2od3","Is 'Basement' associated with the frame 'Ground_up'?","Incorrect","24/08/2025, 16:24:58"
"federico","1755856065076z50qcheqa4","Is 'obliteration' associated with the frame 'Destroying'?","Correct","24/08/2025, 16:25:00"
"federico","1755856065076vkmcdiwyu3","Is 'intimidate' associated with the frame 'Manipulate_into_doing'?","Correct","24/08/2025, 16:25:02"
"federico","1755856065076zob2y8q8vs","Is 'Match' associated with the frame 'Compatibility'?","Correct","24/08/2025, 16:25:04"
"federico","1755856065076c7byire6xe7","Is 'anger' associated with the frame 'Emotions_by_stimulus - An Experiencer, Expressor, Event, or State has an emotion as brought on by an Stimulus or Topic'?","Correct","24/08/2025, 16:25:06"
"federico","17558560650762emlvdfdljt","Is 'commence' associated with the frame 'Come_into_effect'?","Correct","24/08/2025, 16:25:08"
"federico","1755856065076aj5h5v7qn6s","Is 'ashamed' associated with the frame 'Quitting_a_place - A Self_mover leaves an initial Source location'?","Incorrect","24/08/2025, 16:25:17"
"federico","1755856065076vs5zvd0si1","Is 'Firefighter' associated with the frame 'Putting_out_fire'?","Correct","24/08/2025, 16:25:19"
"federico","1755856065076man0d5s8adr","Is 'conservative' associated with the frame 'Preserving'?","Correct","24/08/2025, 16:25:22"
"federico","1755856065076nzkwqvre05s","Is 'straight' associated with the frame 'Roadways - This frame involves stable Roadways which connect two stable Endpoints, the Source and the Goal'?","Correct","24/08/2025, 16:25:24"
"federico","1755856065076feyba2jnyer","Is 'abate' associated with the frame 'Activity_pause - An Agent pauses in the course of an Activity'?","Incorrect","24/08/2025, 16:25:33"
"federico","1755856065076mzaeynq1tp","Is 'verify' associated with the frame 'Fairness_evaluation'?","Correct","24/08/2025, 16:25:34"
"federico","1755856065076jbdauzgt6n9","Is 'Transaction' associated with the frame 'Exchange - Two parties, the Exchangers, each give and receive from the other Themes'?","Correct","24/08/2025, 16:25:37"
"federico","1755856065076fzgrxmh0mr","Is 'perch' associated with the frame 'Posture - An Agent supports their body in a particular Location'?","Correct","24/08/2025, 16:25:39"
"federico","1755856065076t6077pf2wh","Is 'hurtful' associated with the frame 'Experience_bodily_harm'?","Correct","24/08/2025, 16:25:41"
"federico","1755856065076pcqac5uljkp","Is 'Religious' associated with the frame 'Diversity'?","Incorrect","24/08/2025, 16:25:43"
"federico","1755856065076sk2ngcs0uvk","Is 'Distort' associated with the frame 'Deception_scenario'?","Correct","24/08/2025, 16:25:47"
"federico","1755856065076yen146zut6","Is 'aim' associated with the frame 'Ammunition - A piece of Ammunition is a disposable artifact to be fired as a projectile in a weapon with the purpose of causing harm or damage'?","Incorrect","24/08/2025, 16:25:52"
"federico","1755856065076ne57ops7d1o","Is 'Universal' associated with the frame 'Commonality'?","Correct","24/08/2025, 16:25:58"
"federico","1755856065076i2435gl45re","Is 'Retinue' associated with the frame 'Entourage'?","Correct","24/08/2025, 16:26:04"
"federico","1755856065076cicnwpj0q1f","Is 'discipline' associated with the frame 'Corporal_punishment'?","Correct","24/08/2025, 16:26:06"
"federico","17558560650765oz5leb64b","Is 'Feel' associated with the frame 'Punctual_perception'?","Correct","24/08/2025, 16:26:08"
"federico","1755856065076qphoye3ypom","Is 'iron' associated with the frame 'Clothing_parts'?","Incorrect","24/08/2025, 16:26:15"
"federico","1755856065076phoobeek3bd","Is 'Manufactured' associated with the frame 'Processing_materials'?","Correct","24/08/2025, 16:26:28"
"federico","1755856065076xdcb7i285yc","Is 'consequence' associated with the frame 'Rewards_and_punishments'?","Correct","24/08/2025, 16:26:30"
"federico","1755856065076s1obuhfjqvq","Is 'nervous system' associated with the frame 'Perception_body'?","Correct","24/08/2025, 16:26:32"
"federico","1755856065076yors61a7s78","Is 'live up to' associated with the frame 'Satisfying - This frame describes an Agent or an Entity meeting or not meeting a Standard'?","Correct","24/08/2025, 16:26:43"
"federico","1755856065076bmbe0xbme8l","Is 'dictate' associated with the frame 'Dominate_competitor - An Agent, by virtue of strength or forcefulness, controls, rules, or strongly influences some Patient in some Situation'?","Correct","24/08/2025, 16:26:45"
"federico","1755856065076cfb526b9g4k","Is 'oversee' associated with the frame 'Controller_object'?","Correct","24/08/2025, 16:26:47"
"federico","1755856065076sn57qqqvlv","Is 'objection' associated with the frame 'Point_of_dispute'?","Correct","24/08/2025, 16:26:48"
"federico","1755856065076s6kzltz11sq","Is 'contracts' associated with the frame 'Documents'?","Correct","24/08/2025, 16:26:50"
"federico","1755856065076izxnd4aezmq","Is 'bullseye' associated with the frame 'Hit_or_miss'?","Correct","24/08/2025, 16:26:52"
"federico","1755856065076xwbyaiq15h","Is 'Legendary' associated with the frame 'Fame'?","Correct","24/08/2025, 16:26:54"
"federico","17558560650763o54xjsk2ve","Is 'alter' associated with the frame 'Change_direction'?","Correct","24/08/2025, 16:26:56"
"federico","1755856065076qgzkqsd6o87","Is 'intense' associated with the frame 'Firefighting - This frame characterizes the situation or state of affairs in which someone acts to prevent a Fire_disaster from occurring, accelerating, or affecting any area not identified as a Controlled_area'?","Incorrect","24/08/2025, 16:26:58"
"federico","17558560650769pk364szun","Is 'longed-for' associated with the frame 'Birth_scenario - An Offspring is born to a Mother and Father, collectively referred to as Parents'?","Incorrect","24/08/2025, 16:27:09"
"federico","1755856065076tz14m2wuck","Is 'Attitude' associated with the frame 'Mental_property - The adjectives and nouns in this frame are all based on the idea that mental properties may be attributed to a person (Protagonist) by a (usually implicit) Judge  on the basis of that person's Behavior, as broadly understood'?","Correct","24/08/2025, 16:27:12"
"federico","1755856065076lx51ozt1tdr","Is 'Exchange' associated with the frame 'Exchange_currency - A Money_owner exchanges Sum_1 in the  Source_currency for Sum_2 in the Target_currency at some Exchange_service'?","Correct","24/08/2025, 16:27:13"
"federico","1755856065076gphs133nqmp","Is 'terminate' associated with the frame 'Activity_stop - An Agent ceases an Activity without completing it'?","Correct","24/08/2025, 16:27:15"
"federico","1755856065076wvfwq7qgb0b","Is 'deliver' associated with the frame 'Government_institution - The Institution is an organization which is part of a government, the Purpose of which is to provide a service or fulfill a role designated by the government'?","Correct","24/08/2025, 16:27:32"
"federico","1755856065076hlqbczety4","Is 'authorized' associated with the frame 'Representative - A Representative is authorized by a Represented to communicate on behalf of the Represented'?","Correct","24/08/2025, 16:28:00"
"federico","1755856065076ajij7xwg5p","Is 'Insight' associated with the frame 'Awareness_situation - A Cognizer has a piece of Content in their model of the world due to deduction, inference, or similar means of arriving at information from perceivables'?","Correct","24/08/2025, 16:28:01"
"federico","1755856065076l1x2lq14p2h","Is 'qualification' associated with the frame 'Process_resume'?","Correct","24/08/2025, 16:28:03"
"federico","1755856065076nqq3inxd6ya","Is 'awaken' associated with the frame 'Getting_up - A Protagonist leaves the place where they have slept, their Bed, to begin or resume domestic, professional, or other activities'?","Correct","24/08/2025, 16:28:04"
"federico","1755856065076h2jhc5wb1xp","Is 'burn' associated with the frame 'Emotion_heat'?","Correct","24/08/2025, 16:28:05"